00:05,"Abraz Baig","Hello everyone."
00:08,"Ashwin Bennett","Hi there."
00:12,"Abraz Baig",Hello.
00:14,"Chris Mulder - Director Field Eng @ Clarifai","Hey. Good morning. Or evening."
00:18,"Ashwin Bennett",Hi.
00:18,"Gadija Gamieldien","Good afternoon. Good morning to you."
00:24,"Gadija Gamieldien","You better."
00:25,"Abraz Baig",Chris.
00:29,"Gadija Gamieldien","Teddy or any of you guys"
00:32,"Gadija Gamieldien","attending nrf?"
00:38,"Ashwin Bennett","Not that I know of."
00:40,"Gadija Gamieldien","Oh, okay."
00:44,"Chris Mulder - Director Field Eng @ Clarifai",Okay.
00:45,"Gadija Gamieldien","Let Auntie Ashwin Reynard Martinez and I think we. Full house. I think."
00:53,"Gadija Gamieldien",Apologies.
00:55,"Abraz Baig",Yeah.
00:57,"Gadija Gamieldien",Okay.
00:59,"Gadija Gamieldien",Okay.
01:01,"Abraz Baig","All right. Just"
01:04,"Abraz Baig","like your name, it's Gadiga, right?"
01:07,"Gadija Gamieldien","Hadija. Correct. Abraza."
01:11,"Abraz Baig","All right."
01:13,"Abraz Baig","No, I. I think like most, Percy did email me saying that we can continue"
01:18,"Abraz Baig","without him as he's busy."
01:21,"Chris Mulder - Director Field Eng @ Clarifai",So.
01:21,"Abraz Baig","So like last week when we connected, Chris was a bit"
01:28,"Abraz Baig","not well. So we were not able to go ahead and demonstrate to you"
01:35,"Abraz Baig","the solution which we have identified. Before we begin. Gatija, is there any recent updates from your site related to the requirements which you have shared with us?"
01:50,"Gadija Gamieldien","No, I think we're good. I think as we shared it last time, it's still as is. I think that we just as we draw closer to the."
01:59,"Gadija Gamieldien","To the D date, the tick tock date in terms of the sla, that's just the one thing that's,"
02:07,"Gadija Gamieldien","you know, that's driving us a bit time sensitive. But other than that, in terms of requirements and the scope that we provided Ashwin and his team, we're good."
02:17,"Abraz Baig",Okay.
02:17,"Gadija Gamieldien","Unless anything else you want to add, Ashwin? I don't know, guys. Martinez."
02:26,"Ashwin Bennett",Sorry.
02:30,"Abraz Baig","Yeah, we were not able to hear Ashwin."
02:33,"Ashwin Bennett","I think I spoke at the same time as someone else. That's why I stopped. But yeah, I've got nothing extra to add as of yet. I think what we've given you so far is"
02:44,"Ashwin Bennett","basically the jumping off point. I suppose we can always add on to it as things progress or as our requirements progress. But for now that's what we would like to find out. Thank you."
02:54,"Abraz Baig","Yeah. So what we have identified is in terms of like when we spoke to you at first it was regarding image retouching, that is probably the quality analysis of the images. And then Percy also mentioned to us about automating some of the aspects of it. So like we did some testing around it and regarding the image retouching in terms of like angles or reference images or the image quality and all. So there, there are models which is able to do it and obviously it's kind of like a work in progress and we would be having like a human in the loop so that based on the feedback those images or the results can be"
03:51,"Abraz Baig","tweaked so it can fit your desired outcome. In the meantime, like"
03:59,"Abraz Baig","just regarding the automation as well. So about the email"
04:05,"Abraz Baig","automation which you guys surfaced so Is that still a priority or are you guys just looking at the image quality analysis first?"
04:21,"Gadija Gamieldien","Can I maybe just jump in?"
04:23,"Gadija Gamieldien","Maybe you can elaborate on the. The email license for us the image quality"
04:29,"Gadija Gamieldien","in terms of accelerating workflow without adding additional people nor compromising qual is quite important."
04:38,"Gadija Gamieldien","Yeah, I don't know anything about the email. If we. Are we talking about the agentic component of it?"
04:45,"Abraz Baig","The. Okay, I was asking about the agent component itself. Just wanted to check if that is still attached to it. Because in the document which you have outlined that was part was not specified. So"
05:01,"Abraz Baig","just wanted to check as an."
05:03,"Athenkosi Ngqobe","Initial phase we just need to check the quality. So quality requirements"
05:08,"Athenkosi Ngqobe","that is. And then the email part will probably be a second phase to that. Okay, so what's important at the moment is the quality."
05:21,"Abraz Baig","So that would be like the straightening, etching, cleaning or the image."
05:25,"Athenkosi Ngqobe","Yeah, it's been examples we sent. So we sent you a before and after"
05:31,"Athenkosi Ngqobe","of different levels."
05:34,"Athenkosi Ngqobe","So that would be the initial step to see how that goes. Then add the image component to it."
05:41,"Abraz Baig","And regarding the generation as well, regarding the text labels,"
05:48,"Abraz Baig","there is one which we have right now. It's like human in the loop model basically instead of 15 to 17 people, I think one person is enough just to check the results for the initial days."
06:06,"Abraz Baig","So that is how it would be. Hundred percent automating that part"
06:11,"Abraz Baig","is kind of like a bit lengthy process and it will require a lot of efforts. So just with the time which we had, considering the holidays, what we have built is it's automating almost 70 to 75% of your requirements."
06:32,"Abraz Baig","So I'll just let Chris over here just to go over it. And also"
06:40,"Abraz Baig","like Gadija, like based on this, what would be showing today and"
06:45,"Abraz Baig","after that. So when would you guys be looking at let's say like implementing a solution like this?"
06:55,"Gadija Gamieldien","Obviously we would need to consider internally we will regroup. We will also have to look at what the cost"
07:02,"Gadija Gamieldien","impact is for us on. On. On this implementation of the human in the loop model and how we will actually then execute that and then we will come back to you. But I think for us is an urgency around it based on the fact that we can't. We have to move fast on getting this SLAs out of the. If you understand what I'm saying. Okay."
07:22,"Abraz Baig","So that's what we kept in mind as well. And like automation is almost like in terms of image quality, in terms of"
07:33,"Abraz Baig","etching brightness and that part it's all like the models are performing good on that aspect. It's just regarding the generation part. It's something wherein you just have to check once or twice, like a single person can do it,"
07:51,"Abraz Baig","just to check the precision at which the images are getting generated."
07:58,"Gadija Gamieldien","Yeah, okay. Like a QA person. Okay."
08:02,"Abraz Baig","Yep. Chris, do you have anything to add or if you're okay, like, we can just show them like one or two samples."
08:12,"Chris Mulder - Director Field Eng @ Clarifai","Yeah. So there's. There's two pieces here. There is. And maybe there's some clarification that needs to be made so we. We can sort and identify which images need what level of work done. I can illustrate a workflow that performs that. Now, whenever it comes to actually doing the editing and the manipulation of images"
08:37,"Chris Mulder - Director Field Eng @ Clarifai","that I'm not confident on at a production scale we can do as long as"
08:43,"Chris Mulder - Director Field Eng @ Clarifai","text labels are horizontal, the models that we've tested perform acceptable. But as soon as there are a skew of any angle, then the regeneration of the image just falls apart and you start getting stuff. Actually, let me show you a good example."
09:06,"Chris Mulder - Director Field Eng @ Clarifai","Let me share a screen here."
09:11,"Chris Mulder - Director Field Eng @ Clarifai","We know whenever you guys can see my screen."
09:18,"Gadija Gamieldien","And see."
09:19,"Abraz Baig",Yeah.
09:22,"Chris Mulder - Director Field Eng @ Clarifai","Hold on just a second."
09:25,"Chris Mulder - Director Field Eng @ Clarifai","I can't open that image. Open this."
09:30,"Chris Mulder - Director Field Eng @ Clarifai","All right, so here is an image from the sample."
09:36,"Chris Mulder - Director Field Eng @ Clarifai","And being able to isolate the. The product itself is the easy part. It's whenever we have labels. Now let me open up"
09:47,"Chris Mulder - Director Field Eng @ Clarifai","what it was generated."
09:52,"Chris Mulder - Director Field Eng @ Clarifai","Here is your generated image. Our problem becomes with these. With these type of models,"
09:59,"Chris Mulder - Director Field Eng @ Clarifai","you scroll in here so you can see"
10:02,"Chris Mulder - Director Field Eng @ Clarifai","that the labels get all messed up, and that's where these models are falling apart. As long as we can keep"
10:11,"Chris Mulder - Director Field Eng @ Clarifai","the text horizontal, were good. But looking through a lot of the samples, there's a lot of labels that aren't going to work. So that's where"
10:19,"Chris Mulder - Director Field Eng @ Clarifai","we can identify."
10:23,"Chris Mulder - Director Field Eng @ Clarifai","And I'll show real quick in this workflow"
10:28,"Chris Mulder - Director Field Eng @ Clarifai","what's over here."
10:31,"Chris Mulder - Director Field Eng @ Clarifai","So we have a product here."
10:36,"Chris Mulder - Director Field Eng @ Clarifai","My screen is stuck. Here we go."
10:39,"Chris Mulder - Director Field Eng @ Clarifai","Pull up a product and we can tell you"
10:44,"Chris Mulder - Director Field Eng @ Clarifai","what it is. The level of effort needs to be done. This one is a standard retouching at a level 3, what comments, straightening, etching, etc. So"
10:55,"Chris Mulder - Director Field Eng @ Clarifai","I guess maybe some clarification on at"
11:00,"Chris Mulder - Director Field Eng @ Clarifai","what point in production are you guys trying to meet first? Are we trying to get the sorting and that stage done first and then bring in the generation and editing after? Or"
11:13,"Chris Mulder - Director Field Eng @ Clarifai","maybe more elaboration on that."
11:21,"Ashwin Bennett","Hi there, Chris. Maybe I want to just jump in and weigh in on this one. So what you've got over there with the. Obviously it's identified the image and whether it's photographed and what level it's at. That is kind of the, the. Well, that's the biggest chunk that I was more concerned about is to try and get it prepped and ready before the human element has to be added in. Obviously the generation of a completed image would be amazing, but if there was that level of QA sort of a pre check before it even goes to the next stage, then that helps us"
12:03,"Ashwin Bennett","quite a bit actually because that takes a lot of time out of our checks. There's only one other thing or maybe a few other things I would look for is obviously we haven't given you our specific parameters and things, but we have guides for the type of angle, the degree it's at and certain things like that. If we were to give you that, would it be able to pre check those"
12:23,"Ashwin Bennett","and give us feedback?"
12:26,"Chris Mulder - Director Field Eng @ Clarifai","Yeah. So we, we can build this out. This is, this model is one of our in house models that we built that is very well versed on, on this type of work. We use it a lot for our moderation so it understands concepts or ideas of images. So yeah, if we can get a much more detailed set of instructions that you're basically handing off to your human analyst or your,"
12:50,"Chris Mulder - Director Field Eng @ Clarifai","your reviewers, we can have a model actually go through that and maybe with a little bit of refinement back and forth, get something that's acceptable within your production line."
13:01,"Ashwin Bennett","Okay, that's, that's actually pretty decent that it's come up to all of that. The, this is a photographed image obviously, but then there's the other portion which is the digitally supplied imagery which they don't necessarily follow all of the same parameters as our photographed ones because each supplier has their own like quality or their own like sizing that they'll send it to us at. So that's the one where I think it's going to need a bit"
13:26,"Ashwin Bennett","more input than our. Well, it's going to need a little bit more input than our photographed ones."
13:32,"Chris Mulder - Director Field Eng @ Clarifai",Yeah.
13:32,"Ashwin Bennett","Because the digital ones we try and like we'll, if it's a similar angle we'll kind of label it as such so that we can have it same in the library. But then it's not going to be the exact angle that we usually shoot it at."
13:47,"Chris Mulder - Director Field Eng @ Clarifai",Right.
13:48,"Abraz Baig",Yeah.
13:49,"Chris Mulder - Director Field Eng @ Clarifai","I mean we can get this all set up and if we get,"
13:52,"Chris Mulder - Director Field Eng @ Clarifai","get more details on each individual layer, we can definitely get that set up into an account and"
13:59,"Chris Mulder - Director Field Eng @ Clarifai","get it into a point to where maybe you guys can try it out from your end as well."
14:04,"Ashwin Bennett","Oh, that would be nice actually."
14:07,"Ashwin Bennett","Then just One thing. What is, what are the limitations on. On the checks that it can do? So let's say we had. This is a private label brand which they have a specific. They have certain pantones that are like attached to this. Would I be able to feed that pantone in and it would be able to check or tell me where it needs to be adjusted in order to match?"
14:34,"Ashwin Bennett","Or is that two fines that that."
14:36,"Chris Mulder - Director Field Eng @ Clarifai","Will have to review?"
14:38,"Chris Mulder - Director Field Eng @ Clarifai","I want to lean towards a yes, but yeah, we need to make sure on that one before I commit."
14:45,"Ashwin Bennett",Okay.
14:48,"Abraz Baig","So Chris, there was another workflow right, with the Quinn image edit"
14:54,"Abraz Baig","which you tested."
14:57,"Chris Mulder - Director Field Eng @ Clarifai","Yeah, that model is not supported in the platform."
15:01,"Chris Mulder - Director Field Eng @ Clarifai","That's something that we can actually set up an API for you guys to hit. That's where that initial image was with."
15:08,"Abraz Baig",The.
15:11,"Chris Mulder - Director Field Eng @ Clarifai","With this guy."
15:15,"Chris Mulder - Director Field Eng @ Clarifai","For some reason I can't open up images on my computer this morning, but I can open them up in a browser. So that was with this image"
15:25,"Chris Mulder - Director Field Eng @ Clarifai","and then this was. It's generated. The generated image."
15:30,"Chris Mulder - Director Field Eng @ Clarifai","So that I think was neck. That is second stage. First stage is actually doing the reviews and understanding the sorting and what level of work needs to be done."
15:48,"Rynard Van Der Mescht","Yeah, if I can jump in. Yeah. I think one of the biggest problems that that's currently today is the manual checking of many things. So one being for if you look at the digital workflow. So this is more photography photo."
16:07,"Rynard Van Der Mescht","Ashwin was. Was referring to the digital one previously where it's other different customers and brands that, that feeds us in images that's kind of sometimes at poor quality. Those take up a lot of time to filter out because they have to check them individually."
16:26,"Rynard Van Der Mescht","So if we can, if we can already start filtering those out ahead of time,"
16:32,"Rynard Van Der Mescht","that, that will already reduce the load."
16:36,"Abraz Baig","In the sample."
16:38,"Rynard Van Der Mescht","That is also why."
16:40,"Rynard Van Der Mescht","Apologies, but that is, that is also why Ashwin was asking about checking Planter."
16:47,"Rynard Van Der Mescht","So he has a set color that he knows a brand has. So you know, if we take something like Coca Cola, their red is a specific red and he initially just wants to check that the red that's on the photo matches what, what that brand specified in their initial docs to us."
17:08,"Chris Mulder - Director Field Eng @ Clarifai","Yeah, well, so there, there is one thing that we can add on top of just using the basic model to do the, the sorting and filtering is do kind of an ensemble workflow where we have multiple models orchestrated on top of it. So you have your, your baseline that kind of goes through, gets. Gets your type level effort, et cetera. But then model to identify key colors and then within the workflow just have it check, does it meet these color hashes, etc. So"
17:40,"Chris Mulder - Director Field Eng @ Clarifai","that's just another layer that you can add into the workflow and you can get it as detailed as you need for each individual customer. And then every customer would have basically their own workflow that you would run their images through."
17:56,"Ashwin Bennett","That's pretty useful"
17:59,"Ashwin Bennett","to be able to have almost a profile set up per client."
18:03,"Chris Mulder - Director Field Eng @ Clarifai","That'll help. Yeah. And you can still see my screen, right?"
18:07,"Rynard Van Der Mescht",Yeah.
18:08,"Chris Mulder - Director Field Eng @ Clarifai","So I just created a quick"
18:11,"Chris Mulder - Director Field Eng @ Clarifai","app, but you can go in and create new workflows"
18:16,"Chris Mulder - Director Field Eng @ Clarifai","and add multiple different things."
18:21,"Chris Mulder - Director Field Eng @ Clarifai","Theoretically, you could have a single workflow that would identify if it was a car or a bottle of shampoo. If there's a bottle of shampoo, it would follow one route and identify different aspects about the bottle of shampoo, and then another route to go through and identify different things about a car, et cetera. So you could do different things and maybe even set up multiple customers all within a single workflow."
18:49,"Chris Mulder - Director Field Eng @ Clarifai","And then everything really comes down to what your baseline models are going to be and how performant you want on the model itself."
18:59,"Gadija Gamieldien","Chris, can I just clarify? Right, so the first step in this process, you spoke about the two elements, right. In terms of the sorting and identifying. I think Ashwin has confirmed that one of his biggest headaches at the moment, and where there's lots of bottlenecks, is where humans have to identify sort and then only pass the images through the workflo flow process. Right. So what, what do you need from us at this stage? So we can almost, if we look at the, this project now in various phases to see how do we get the sorting and identifying an image to either move on or to stay behind and follow a different path in terms of it's rejected, it now needs to go to the back to the brand or client. Right. And part of what we've discovered now is that there are various levels also of imagery that we need to pass through the workflow. So it's the pristine, say, E commerce image, which is you, let's call it your Grade one image. But then we've got images that needs to go that's marketplace ready and images potentially may not need the same specific requirements that we do for, say, the Grade one imagery. But I mean, that is stuff that we can build out potentially in this model. But, but how do we, how do we get this off the ground, going tested on our side? So if, I mean, if you look at it, we're not going to solve everything in one thing. But, but I'd like to get going on if, if the biggest was Ashwin mentioned because he's in the trenches. One of the biggest headaches for us the moment is just to get the image sorted and identified and then passed onto the various workflow streams. How can we. Is that what you have resolved essentially already? What do you need to take this to the next step?"
20:40,"Chris Mulder - Director Field Eng @ Clarifai","So I don't know what your stack looks like on your side, whether or not you want to use it from within a Clarify platform itself, which I assume probably not. You'll probably want to hit it with an API somewhere in your production line"
20:53,"Chris Mulder - Director Field Eng @ Clarifai","to be able to hit this exact workflow where we're basically we have a set of instructions on the model to check for specific things, etc. It's as easy as using this workflow and just calling the API directly in your stack. I mean it could be as fast as your engineers are wanting to start start hitting it."
21:15,"Abraz Baig","Reinhard, I think he handles the API."
21:21,"Rynard Van Der Mescht","Want to do it as quick as yesterday."
21:24,"Abraz Baig","Okay, so like in terms of stack, like how this would be utilized. So that was Chris's question. So I have any."
21:34,"Rynard Van Der Mescht","So on on that we will integrate it directly into our systems via the API."
21:40,"Rynard Van Der Mescht","Yeah so as, as we do today with one of our products already which we do object classification, I think it is object detection. We already today use the Clarify API on kind of a very basic model. So for, for this we would essentially do exactly the same using the API just with the different model implemented. Obviously it's pat token. And then from our stack perspective we run a. NET house, so we are a very Microsoft house."
22:17,"Rynard Van Der Mescht","So we'll probably look into I hope"
22:21,"Rynard Van Der Mescht","a Net SDK else if you don't have a. Net SDK, we'd probably just write one in house for it."
22:31,"Chris Mulder - Director Field Eng @ Clarifai","You know. So just hit it with Coroll as well. Yeah, pretty simple. And then as we want to adjust, you can either start tweaking this individual workflow or have a series of workflows on your side that you can hit for different levels."
22:46,"Chris Mulder - Director Field Eng @ Clarifai","So yeah, getting it implemented on your side is pretty rapid as far as changes, especially at the model level."
23:01,"Gadija Gamieldien","So. So Abraz Chris, how does the. Sorry, just. Just because what you and Reynard spoke now is not foreign to me, as you well know. But just from, from my side, just from a costing point of view, how does it work? So is there a cost per hit? Is there cost per return? How does that, that cost work? Reina, do you have any idea maybe."
23:22,"Abraz Baig","Or actually it would be based on like the model size and which underlying GPU will be utilized. So for example, right now we are using mm poly. So it will take like Nvidia and L40 GPU."
23:40,"Abraz Baig","So it would be based on the GPU cost, let's say for a whole year, how much it can cost. So for example,"
23:50,"Abraz Baig","in your case, it can cost anywhere, like around,"
23:55,"Abraz Baig","I am not sure right now. I need benchmarkings from Chris or Teddy, but it can be anywhere between 30 to 45 or 50. Anywhere between that per year."
24:09,"Chris Mulder - Director Field Eng @ Clarifai","What kind of"
24:11,"Chris Mulder - Director Field Eng @ Clarifai","throughput are you guys running right now? I'm just thinking off numbers. How many images are you thinking about running against the model?"
24:21,"Abraz Baig","Throughput would be like, how much is."
24:24,"Athenkosi Ngqobe","It Russian per day? You know, per day."
24:27,"Ashwin Bennett","If we're looking at image per day, it's. We're running in the hundreds. Shoot, obviously more than that. But"
24:36,"Ashwin Bennett","hundreds per day goes up to thousands when obviously when we're running at full capacity."
24:42,"Ashwin Bennett","So, yeah, quite a bit."
24:48,"Abraz Baig","Okay,"
24:51,"Abraz Baig","with just one client or is it across multiple clients? Because I know Percy did mention to me that you have like Walmart, Coca Cola, png, like, as such."
25:03,"Ashwin Bennett","Yeah, we service multiple clients daily. So it's not just one that comes through. We'll get multiple same simultaneously and we'll shoot and work through those daily."
25:17,"Chris Mulder - Director Field Eng @ Clarifai","One quick question on top of that, are these."
25:19,"Abraz Baig",What.
25:20,"Chris Mulder - Director Field Eng @ Clarifai","What is the latency that you need per image? Is it something where you get a batch in from, say, Walmart, that's a hundred thousand images. Do you need all 100,000 within, you know, a few seconds? Or is that something that can just be set up asynchronously and it processes through it over the course of a day?"
25:40,"Ashwin Bennett","So it's dependent on our workflow. So our workflow goes well according to the sla. So what we generally try and do is we'll shoot"
25:51,"Ashwin Bennett","and get it to qa, which is our quality assessment, within a day to two days. So I would say if we could get it to a day or even a little bit quicker in terms of just processing and checking, it would be nice. I don't think it'll be that much at first, obviously, because we're still ramping up slowly throughout the year and whatever comes will probably kill us this week. But"
26:16,"Ashwin Bennett","yeah, it won't be like crazy thousands off the bat, but it'll definitely help if it can be a lot quicker than today."
26:22,"Chris Mulder - Director Field Eng @ Clarifai","Yeah, no. So the reason I ask that is whenever we get to, like, some of our government customers, we're talking about hundreds of thousands of images"
26:31,"Chris Mulder - Director Field Eng @ Clarifai","every hour. And they want it almost near real time. So we end up having to do multiple GPUs or multiple machines to keep up with the throughput. It sounds like from your scenario like one gpu that it can handle the load basically. And then if it gets a ton of work, it just slows down a little bit, but it can. It's not going to cost you any extra money. It just kind of runs a little bit slower if it's under a heavy load."
26:57,"Chris Mulder - Director Field Eng @ Clarifai","But just looking at"
26:59,"Chris Mulder - Director Field Eng @ Clarifai","hundreds of thousands per day, I think you should. Or hundred to a thousand images per day, you should be fine with. Yeah, just one replica of mmpoly."
27:09,"Abraz Baig",Yeah.
27:09,"Chris Mulder - Director Field Eng @ Clarifai","But even we might even be able to put a small model on top of it as well."
27:13,"Abraz Baig","Yeah. So"
27:15,"Abraz Baig","yes, Reynard, please."
27:17,"Rynard Van Der Mescht","Sorry, just, just a question on that. I. I assume that if need be and we get into peak season periods where we need more GPUs, we can just scale up and then scale down as needed."
27:30,"Abraz Baig","Yes, that's inbuilt capability with our platform. So based on the volume which should be sending you can it automatically scales up?"
27:43,"Chris Mulder - Director Field Eng @ Clarifai",Thanks.
27:45,"Rynard Van Der Mescht",Please.
27:47,"Ashwin Bennett","Sorry, can I just jump in and ask something? I'm a visual guy, work with images and stuff. So not super up on all of this, but when this integrate or if we're going to integrate this into our systems, it will have the ability to automatically reject"
28:05,"Ashwin Bennett","when. If something doesn't meet the set parameters that we give it correct."
28:12,"Ashwin Bennett","Or take some human interaction that would."
28:15,"Rynard Van Der Mescht","Be on our side. Ashwin. It depends on the, the information that's coming back from the API. We'll probably be able to set some thresholds there to say that hey, this needs to auto reject because"
28:30,"Rynard Van Der Mescht","Clarify has deemed this as not sufficient. But I think that rejection is going to be handled on our side."
28:37,"Ashwin Bennett","Okay. So."
28:40,"Chris Mulder - Director Field Eng @ Clarifai","Sorry, yeah, on the Clarify side we can set the model to where if it falls within a certain threshold to send a response back, says failure or etc and then yeah, on your end that's where the, where the process will take over."
28:56,"Ashwin Bennett","Okay, that's pretty cool. So I'm going to be bothering Reynard as soon as we get this up and running."
29:02,"Abraz Baig","So you can just directly have it set up in Reynard's. Like Renault can have it set up for you directly. So it would be automatic through an API."
29:13,"Rynard Van Der Mescht","I'm going to connect Clarify to my teams."
29:18,"Rynard Van Der Mescht","I can respond."
29:21,"Abraz Baig","And also like this is what, like what Chris showed you is just like as Ashwin mentioned, the first step and obviously there are like for the step two as well in terms of image retouching. And all. So there are. Chris, there are models right on the platform. We can set up the work."
29:43,"Chris Mulder - Director Field Eng @ Clarifai","Yeah. So some of the models that I was checking on for generation. So basically we're taking the image in, analyzing it and then basically regenerating a whole new copy of that image that meets all the requirements. There are quite a few frontier models that are very well versed in the space. It's just those edge cases where you start getting the text askew that kind of throws the model off. They don't know how to regenerate text at an angle."
30:14,"Chris Mulder - Director Field Eng @ Clarifai","Those models. Yes. We can get you guys set up with those. I would probably lean away from them for the time being until we can work out the. The text issue. Maybe"
30:26,"Chris Mulder - Director Field Eng @ Clarifai","we have to rotate the image first before. Etc which we can work on that on my team. But"
30:33,"Chris Mulder - Director Field Eng @ Clarifai","for step one though, getting you guys to where you're sorting all the images, that I think is pretty well established. If we get more information we can kind of build out that set of instructions a little bit more detailed for production side and then continue working on the generation part once we get that solidified."
30:55,"Abraz Baig",And.
30:56,"Rynard Van Der Mescht","Pretty cool."
30:57,"Ashwin Bennett",Sorry.
30:58,"Abraz Baig","Yeah, no, just wanted to emphasize on that like how would be the timeline? Let's say like first the step one. Like Chris already has that built up for you for this step two, is there any timeline on your mind or how would that be?"
31:20,"Rynard Van Der Mescht","Step two, as in the auto kind of retouching scenario."
31:24,"Abraz Baig",Yes.
31:26,"Rynard Van Der Mescht","Yeah. Abroz."
31:28,"Rynard Van Der Mescht","I don't know what Khadija's views on this but I, I think before we even timeline that out, I think our primary focus is just going to be the sorting and trying to. To get some of those bad images out of a human needing to go look at it. I think that is one of our critical points. First Ashwin, you can correct me if I'm wrong."
31:52,"Rynard Van Der Mescht","The. The retouching we."
31:54,"Rynard Van Der Mescht","We. We do it today already and if we can lighten the load on just bad images coming in,"
32:03,"Rynard Van Der Mescht","the. The team can focus more on. On doing actual retouching instead of having to go check a thousand images a day."
32:13,"Rynard Van Der Mescht","That kind of takes us just pointless time."
32:18,"Gadija Gamieldien","Yeah. I think for us one of the big things is if we can at least show the team also that's on the ground, there's a bit of a win. And then when. When it comes to the retouching part which we're the basic retouching, build an analysis on what percentage of images needs basic level 1, level 2, etc retouching and then maybe as we like build this out, we can say, okay, let's just look at all the level one retouching. Because that could be all the easy stuff that we can now say, okay, more complex lines goes to the humans and the more easy ones based on we've now obviously structured it can go to"
32:54,"Gadija Gamieldien","machine. So I think let's get the phase like we spoke about now, sorting and"
33:00,"Gadija Gamieldien","identifying first, get that win over the line. Then let's look at the maybe level one or the easy retouching parts and then let's progress this. I mean, obviously we want a lot of the stuff done quite quickly based on the, you know, the service levels and the fact that we are getting penalties that we incur now. We don't meet service levels, but we also want to do this properly. We don't backtrack or go, oh shit, you know, or no moments and stuff like that. So, yeah, that's sort of where my it is as well in terms of what Ray. Nathan Ashland's been saying. So I'm good with that process. Get that over the line ticket. Move, move, move. Because it's not as can daft. I think it's okay to step this process,"
33:43,"Gadija Gamieldien","but fast."
33:45,"Abraz Baig","This is already built by Chris, so you can just have it like ready to use for you. It's directly. And if there is some sort of"
33:55,"Abraz Baig","like changes or if you guys will be sending in a bit like regarding the digital one as well, you said, right, the details, if you can send it over, we can have it tested on those as well and you can use it. It's as simple as that. Now."
34:19,"Gadija Gamieldien","That's perfect."
34:21,"Gadija Gamieldien","So Sharon, does that mean you need to"
34:25,"Gadija Gamieldien","get started on the API integration? Is that. What is the next steps in Reynard's code? I like to."
34:33,"Athenkosi Ngqobe","Can I just ask a question quickly, Chris, did you. So we sent a couple of images. Did you run them all through the model or did you just run the ones that you were showing? I just wanted to see if there is any type that you picked up from the images that we sent other than photographed."
34:53,"Chris Mulder - Director Field Eng @ Clarifai","Oh yeah, no, I ran all of them. I got digital qa, which was see if I can have those on my machine. I had a few of them left on my machine."
35:05,"Athenkosi Ngqobe","Yeah. Are you able to just show those or maybe if it's possible, send them to us with the responses that you got?"
35:14,"Chris Mulder - Director Field Eng @ Clarifai","Yeah, no, I can do that. I can just send the responses to."
35:17,"Athenkosi Ngqobe","I think actually that's worth while doing that as well, just to see"
35:22,"Athenkosi Ngqobe","because for the images that we sent, you already had the levels Specified and the types, I think."
35:32,"Chris Mulder - Director Field Eng @ Clarifai",So.
35:32,"Athenkosi Ngqobe","To see what the model itself picked up versus what we sent out."
35:37,"Chris Mulder - Director Field Eng @ Clarifai","Yeah, yeah."
35:39,"Ashwin Bennett","It would be nice to take it to the QAs as well and have them assess it."
35:44,"Athenkosi Ngqobe","Just to go through it and see. Yeah, yeah."
35:48,"Chris Mulder - Director Field Eng @ Clarifai","Yeah. I can, I can resend these over."
35:52,"Chris Mulder - Director Field Eng @ Clarifai","So let me refresh my screen here. I'm sure you should be able to see my screen again."
35:58,"Chris Mulder - Director Field Eng @ Clarifai",Yes.
36:00,"Chris Mulder - Director Field Eng @ Clarifai","So here is a Digital, Digital Level 1. I'll add the original and then the retouched one as well. So."
36:11,"Chris Mulder - Director Field Eng @ Clarifai","And I'll run each one of these over the API and get you the"
36:16,"Chris Mulder - Director Field Eng @ Clarifai","responses back."
36:19,"Chris Mulder - Director Field Eng @ Clarifai","It's saying level one etching only"
36:23,"Chris Mulder - Director Field Eng @ Clarifai","digitally supplied. That one."
36:33,"Abraz Baig",Okay.
36:35,"Chris Mulder - Director Field Eng @ Clarifai","Zero for the edited. So this one, I guess so the original one, it's saying that it's level, level one. It needs some standard retouching. But then the image that I guess was the final version,"
36:51,"Chris Mulder - Director Field Eng @ Clarifai","computer's frozen. It comes back as a level zero. It created its own level."
36:58,"Ashwin Bennett","I think that's level zero because the, it's been sized and the background's been removed. So it's basically mis ready on our side. That's what we will call it. Something that jumps straight on."
37:10,"Chris Mulder - Director Field Eng @ Clarifai","Yeah. So I'll just run all those images against the API and get you the responses back for each image and then package those back up this afternoon"
37:21,"Chris Mulder - Director Field Eng @ Clarifai","if my computer unfreezes."
37:25,"Rynard Van Der Mescht","Okay. And then"
37:28,"Rynard Van Der Mescht","just, just on that numbers that, that hundred to a thousand images per day if you can, if you can at least send us some, some mock costings around what it will, what it will cost us per day."
37:43,"Abraz Baig","Per day. It would be kind of like if, let's say as Chris mentioned, if it's just a single GPU underlying GPU that."
37:52,"Chris Mulder - Director Field Eng @ Clarifai","Would be in use."
37:54,"Abraz Baig","So just give me a second. It's."
38:00,"Chris Mulder - Director Field Eng @ Clarifai","In a reminder here. Like abroad is going to give you year prices because you get better prices by reserving that GPU for the year."
38:10,"Rynard Van Der Mescht",So.
38:14,"Rynard Van Der Mescht","We'll definitely do year pricings. I doubt we do monthly on any of our vendors."
38:21,"Abraz Baig","No, Even monthly with GPUs, we cannot."
38:25,"Abraz Baig","It's just we have to pre book like the GPU for the whole year for your use. But just an estimate would be it would be under a hundred dollars a day."
38:43,"Abraz Baig","If you take it by day for per year, like based on the work which Chris and Teddy is putting in, we need to add those professional services and the GPU cost. So it can be anywhere between 30 to 40,000 for the whole."
39:08,"Rynard Van Der Mescht","Thank you."
39:10,"Athenkosi Ngqobe","Yeah, I think let's, let's also send that through just to have it."
39:15,"Rynard Van Der Mescht","Yeah, Ro, if you can. If you can send that via email, that would be great. Just, just so that we have it."
39:24,"Rynard Van Der Mescht","So that we can start looking at the numbers. Because we obviously for. For this entire process, we do need to write up a PO for it"
39:33,"Rynard Van Der Mescht","and there is going to be some approvals that needs to go through so we can at least have it as. As even a quote that would already."
39:42,"Abraz Baig","Kind of put us like. Like, based on that. Like as you mentioned, how many images can be processed per day? Thousand. Four. Three. Four. On a single gpu."
39:55,"Chris Mulder - Director Field Eng @ Clarifai","Yeah. I have to get back to you guys on the exact numbers on that model on that gpu. But"
40:02,"Chris Mulder - Director Field Eng @ Clarifai","we can get that over to you this afternoon."
40:05,"Abraz Baig","Just. It will take us just some time. He'll just do some benchmarking and I can get back to you on that. And also like in terms of approval. So who would be signing off this from let's say Hurt and Carter. Is that. Is it going to be Percy or someone else?"
40:25,"Rynard Van Der Mescht","Probably be Percy, but it's probably going to be perceived."
40:30,"Gadija Gamieldien","Yeah, yeah, yeah."
40:33,"Abraz Baig","And like this, what Chris showed is just one workflow just to add over here. Like based on your different clients, you can have multiple workflows as well created onto the system."
40:48,"Abraz Baig","So that is something which, like we can help you in setting up those workflows as well. So based on a different client, each of them would be having different requirements. So you can just spin up that workflow for that particular client and use it."
41:07,"Rynard Van Der Mescht","Okay, cool."
41:09,"Abraz Baig","Yeah. So"
41:11,"Abraz Baig","would you be sending out the details as we discussed? And then I can have Chris and Teddy just take a look at it and try to see how much efforts it will take to have those"
41:26,"Abraz Baig","new requirements implemented for the digital IM image freeze as well. And then once he is done, I'll be sending out to you the results"
41:38,"Abraz Baig","as well as the estimated pricing for that."
41:46,"Rynard Van Der Mescht","One. You can send that through today."
41:52,"Ashwin Bennett","Sorry, send through."
41:54,"Rynard Van Der Mescht","And can you send through to clarify guys here the studio specs that we. We spoke about the. Bit more details?"
42:05,"Ashwin Bennett","Yes, I can. That's not a problem."
42:07,"Abraz Baig","Yeah, so once we receive that, we'll work on it and then we'll send out the details as discussed."
42:18,"Ashwin Bennett","Sorry, just wanted to"
42:21,"Ashwin Bennett","check something."
42:23,"Chris Mulder - Director Field Eng @ Clarifai",Would.
42:24,"Ashwin Bennett","At which stage would there be like a. A link or a model posted test on this end? Because it's."
42:31,"Ashwin Bennett","I don't know from my side. It's easier with QA and certain things like that is once you get into the thick of it and you start testing out the model, that's when you find the faults and what you've forgotten or what you need to add in."
42:44,"Chris Mulder - Director Field Eng @ Clarifai","Yeah. So if you can get over the extra information here this morning sometime or this afternoon, I will set up a few different workflows and"
42:54,"Chris Mulder - Director Field Eng @ Clarifai","Teddy and Abraz can work with you guys on getting you access to,"
42:58,"Chris Mulder - Director Field Eng @ Clarifai","or actually you guys already have an account with us. I just got to figure out where to put these workflows. That way you guys can hit them. Right? I mean, this morning if you wanted to. I mean I can set it up where you can visit this workflow right now if I want."
43:12,"Abraz Baig","Yeah. I think Org needs to be created. Chris. So Reinhard or Ashwin, it would be helpful if you guys can log in to clarify.com and create an account over there. Once you have created, just share us the user ID"
43:30,"Abraz Baig","and we can add you to the Org and you can get the access to test it out."
43:36,"Rynard Van Der Mescht","I can do that."
43:37,"Athenkosi Ngqobe","I think we already have an account, Reynard."
43:39,"Rynard Van Der Mescht","No, yes, we. Yeah, we do."
43:42,"Abraz Baig","And we also."
43:45,"Rynard Van Der Mescht","I created an Org at some point."
43:49,"Chris Mulder - Director Field Eng @ Clarifai","Oh yeah. If that's the case, you can probably add Teddy or myself to your org and we can. We can just pull it directly into your Org. That way you have ownership of the. Of the whole workflow. Yeah, that would be better actually"
44:08,"Chris Mulder - Director Field Eng @ Clarifai",for.
44:08,"Rynard Van Der Mescht","The time being since it's still a demo. I would prefer if it's not in our org and maybe on a demo Org that you control and then users pull us in. For now, I think that would be better. And then once we happy with everything and everything is signed off and that so on, I think then we can push it in."
44:31,"Abraz Baig",Okay.
44:31,"Rynard Van Der Mescht","If everyone's happy with that."
44:33,"Abraz Baig","Yeah, yeah,"
44:35,"Abraz Baig","yeah. So when Ashwin would be sending out the details, you can just send us Your clarify user IDs as well and we'll create an Org and add it. Add you guys."
44:49,"Chris Mulder - Director Field Eng @ Clarifai",Yeah.
44:50,"Abraz Baig","Okay, perfect."
44:53,"Abraz Baig","So I think the next steps are set. So once we get an email, we'll reach out to you and we'll go from there."
45:02,"Abraz Baig","So, and last question, Khadija or Reynard, let's say in terms of like testing, how much time would be required for you guys to test it out?"
45:15,"Gadija Gamieldien","Ashwin and all the various scenarios, I think you'd probably want to include the team that is actually currently working on that. So the ones that do the identify and sort. So maybe for a proper two days. Ashwin."
45:30,"Ashwin Bennett","Yeah, I think two days will survive"
45:33,"Ashwin Bennett","for some digital and for photography workflow."
45:36,"Gadija Gamieldien",Yeah.
45:37,"Abraz Baig","All right. And once the testing is"
45:41,"Abraz Baig","completed, let's say if the Results and everything are up to Mark. And you guys are satisfied. So how much time will it take to get the approvals like regarding the pls and everything as Reinhard mentioned?"
45:57,"Rynard Van Der Mescht","Well, for, for that we'll probably start the process the minute we kind of get a quoted estimate. I think even during the testing, while the team is testing it. I think we already start that process. I don't think we'll wait for the testing to complete in order to start that process."
46:16,"Abraz Baig","Okay, and how much time or days will it take? I think if it's like if you guys are getting penalties. So may I ask, like let's say for one, like how much would be the size of one penalty, the ticket size?"
46:33,"Gadija Gamieldien","What do you mean? What is the penalty"
46:36,"Gadija Gamieldien",value?
46:37,"Abraz Baig","Yeah,"
46:39,"Abraz Baig","yeah, you did mention. Right. You get penalized. So how much would be the penalty, let's say for one instance by the client."
46:47,"Gadija Gamieldien","So, so it, it look at this particular point in time, we. It's only something that one of the retailers with that we have and it's about 50 of a barcode that we do not supply within specific timelines. So these three brackets of, if I can call it service deliveries within that penalty. So X amount needs to be delivered in say 90 in 90% of the time. X amount needs to be delivered. And then obviously these stragglers and these exceptions. So those have other buckets as well. I think the biggest thing that we aside the penalty sort of, if you look at the moment we know where we're tracking in terms of delivery, we need to improve it. And it's not just going to be for one retail. It will go across the whole retailer scope. I think this one's always just the catalyst."
47:36,"Gadija Gamieldien","But I think the biggest business case that we're going to have to show is that to offset the cost of obviously the AI, the clarify component against the human component and the speed. So I mean there's a couple of things that once we understand what that cost is, is we can look. Okay, does that offset against the penalty against all the other stuff? So that. So from a business case point of view that's something that we will build out. Percy will then also take it up and then we'll. I'll also have to take it up with my MD so that. Yeah, we just had to give a full scope of the service in terms of the cost."
48:13,"Abraz Baig","Understood. Yep. I think."
48:15,"Gadija Gamieldien","Okay, but they are also. But maybe just to give you some idea, they are also traveling at the moment. They're at the."
48:21,"Gadija Gamieldien","The New York that NRF retail"
48:26,"Gadija Gamieldien","conference at the moment. So. Yeah, so. But. But we. We do WhatsApp when we are in touch, so we will keep them. But just to give you some idea that there might be time delays because they are traveling at the moment."
48:40,"Abraz Baig","Okay, understood. Another big weekend in New York."
48:45,"Chris Mulder - Director Field Eng @ Clarifai",Yeah.
48:45,"Gadija Gamieldien","Big week in New York. Yeah."
48:47,"Abraz Baig","All right. Okay. Okay."
48:50,"Gadija Gamieldien","Can we call it? Are we good?"
48:52,"Abraz Baig","All right, so let's go from there. All right, sure."
48:56,"Chris Mulder - Director Field Eng @ Clarifai",Yep.
48:57,"Gadija Gamieldien","Okay. Thanks so much. Anything else from the team?"
49:02,"Chris Mulder - Director Field Eng @ Clarifai","I think from our side? I think we're good."
49:05,"Abraz Baig",Yeah.
49:05,"Chris Mulder - Director Field Eng @ Clarifai",Okay.
49:06,"Athenkosi Ngqobe","Yeah, no, I think we're good. Yeah. Just a quick question, but it might be obvious with the. With the testing environment that you set for us, will that also come with the API component where we can test a model using the"
49:21,"Athenkosi Ngqobe","SDKs that you have?"
49:23,"Abraz Baig","Okay, 100%."
49:25,"Chris Mulder - Director Field Eng @ Clarifai",Yep.
49:26,"Abraz Baig","Okay, cool."
49:29,"Chris Mulder - Director Field Eng @ Clarifai",Perfect.
49:30,"Athenkosi Ngqobe","All right, now, I mean, that's all."
49:33,"Gadija Gamieldien","Thanks, everyone."
49:36,"Gadija Gamieldien","Have a good one."
49:38,"Rynard Van Der Mescht","Bye. Bye."
49:39,"Abraz Baig",Bye.
49:43,"Abraz Baig",Teddy.
49:46,"Abraz Baig","Just a second."
49:48,"Abraz Baig","We have a one on one. Let's connect over there."
49:53,"Abraz Baig","You're on mute, buddy. So you have not spoken a single word."