1,https://storage.googleapis.com/icandesign_vi3/Models_sleeping-lying.bedroom.beds.ikea_001_001_0_0.jpg,King,,0,,,
2,https://storage.googleapis.com/icandesign_vi3/Models_sleeping-lying.bedroom.beds.ikea_001_001_0_1.jpg,King,,0,,,
3,https://storage.googleapis.com/icandesign_vi3/Models_sleeping-lying.bedroom.beds.ikea_001_001_0_2.jpg,King,,0,,,
4,https://storage.googleapis.com/icandesign_vi3/Models_sleeping-lying.bedroom.beds.ikea_001_001_0_3.jpg,King,,0,,,
5,https://storage.googleapis.com/icandesign_vi3/Models_sleeping-lying.bedroom.beds.ikea_001_001_0_4.jpg,King,,0,,,
6,https://storage.googleapis.com/icandesign_vi3/Models_sleeping-lying.bedroom.beds.ikea_001_001_0_5.jpg,King,,0,,,
7,https://storage.googleapis.com/icandesign_vi3/Models_sleeping-lying.bedroom.beds.ikea_001_001_0_6.jpg,King,,0,,,
8,https://storage.googleapis.com/icandesign_vi3/Models_sleeping-lying.bedroom.beds.ikea_001_001_0_7.jpg,King,,0,,,
9,https://storage.googleapis.com/icandesign_vi3/Models_sleeping-lying.bedroom.beds.ikea_001_001_0_8.jpg,King,,0,,,
10,https://storage.googleapis.com/icandesign_vi3/Models_sleeping-lying.bedroom.beds.ikea_001_001_0_10.jpg,King,,0,,,
11,https://storage.googleapis.com/icandesign_vi3/Models_sleeping-lying.bedroom.beds.ikea_001_001_0_11.jpg,King,,0,,,
12,https://storage.googleapis.com/icandesign_vi3/Models_sleeping-lying.bedroom.beds.ikea_001_001_0_12.jpg,King,,0,,,
13,https://storage.googleapis.com/icandesign_vi3/Models_sleeping-lying.bedroom.beds.ikea_001_001_0_13.jpg,King,,0,,,
14,https://storage.googleapis.com/icandesign_vi3/Models_sleeping-lying.bedroom.beds.ikea_001_001_0_14.jpg,King,,0,,,
15,https://storage.googleapis.com/icandesign_vi3/Models_sleeping-lying.bedroom.beds.ikea_001_001_1_0.jpg,King,,0,,,
16,https://storage.googleapis.com/icandesign_vi3/Models_sleeping-lying.bedroom.beds.ikea_001_001_1_1.jpg,King,,0,,,
17,https://storage.googleapis.com/icandesign_vi3/Models_sleeping-lying.bedroom.beds.ikea_001_001_1_2.jpg,King,,0,,,
18,https://storage.googleapis.com/icandesign_vi3/Models_sleeping-lying.bedroom.beds.ikea_001_001_1_3.jpg,King,,0,,,
19,https://storage.googleapis.com/icandesign_vi3/Models_sleeping-lying.bedroom.beds.ikea_001_001_1_4.jpg,King,,0,,,
20,https://storage.googleapis.com/icandesign_vi3/Models_sleeping-lying.bedroom.beds.ikea_001_001_1_5.jpg,King,,0,,,
21,https://storage.googleapis.com/icandesign_vi3/Models_sleeping-lying.bedroom.beds.ikea_001_001_1_6.jpg,King,,0,,,
22,https://storage.googleapis.com/icandesign_vi3/Models_sleeping-lying.bedroom.beds.ikea_001_001_1_7.jpg,King,,0,,,
23,https://storage.googleapis.com/icandesign_vi3/Models_sleeping-lying.bedroom.beds.ikea_001_001_1_8.jpg,King,,0,,,
24,https://storage.googleapis.com/icandesign_vi3/Models_sleeping-lying.bedroom.beds.ikea_001_001_1_10.jpg,King,,0,,,
25,https://storage.googleapis.com/icandesign_vi3/Models_sleeping-lying.bedroom.beds.ikea_001_001_1_11.jpg,King,,0,,,
26,https://storage.googleapis.com/icandesign_vi3/Models_sleeping-lying.bedroom.beds.ikea_001_001_1_12.jpg,King,,0,,,
27,https://storage.googleapis.com/icandesign_vi3/Models_sleeping-lying.bedroom.beds.ikea_001_001_1_13.jpg,King,,0,,,
28,https://storage.googleapis.com/icandesign_vi3/Models_sleeping-lying.bedroom.beds.ikea_001_001_1_14.jpg,King,,0,,,
29,https://storage.googleapis.com/icandesign_vi3/Models_sleeping-lying.bedroom.beds.ikea_001_001_2_0.jpg,King,,0,,,
30,https://storage.googleapis.com/icandesign_vi3/Models_sleeping-lying.bedroom.beds.ikea_001_001_2_1.jpg,King,,0,,,
31,https://storage.googleapis.com/icandesign_vi3/Models_sleeping-lying.bedroom.beds.ikea_001_001_2_2.jpg,King,,0,,,
32,https://storage.googleapis.com/icandesign_vi3/Models_sleeping-lying.bedroom.beds.ikea_001_001_2_3.jpg,King,,0,,,
33,https://storage.googleapis.com/icandesign_vi3/Models_sleeping-lying.bedroom.beds.ikea_001_001_2_4.jpg,King,,0,,,
34,https://storage.googleapis.com/icandesign_vi3/Models_sleeping-lying.bedroom.beds.ikea_001_001_2_5.jpg,King,,0,,,
35,https://storage.googleapis.com/icandesign_vi3/Models_sleeping-lying.bedroom.beds.ikea_001_001_2_6.jpg,King,,0,,,
36,https://storage.googleapis.com/icandesign_vi3/Models_sleeping-lying.bedroom.beds.ikea_001_001_2_7.jpg,King,,0,,,
37,https://storage.googleapis.com/icandesign_vi3/Models_sleeping-lying.bedroom.beds.ikea_001_001_2_8.jpg,King,,0,,,
38,https://storage.googleapis.com/icandesign_vi3/Models_sleeping-lying.bedroom.beds.ikea_001_001_2_10.jpg,King,,0,,,
39,https://storage.googleapis.com/icandesign_vi3/Models_sleeping-lying.bedroom.beds.ikea_001_001_2_11.jpg,King,,0,,,
40,https://storage.googleapis.com/icandesign_vi3/Models_sleeping-lying.bedroom.beds.ikea_001_001_2_12.jpg,King,,0,,,
41,https://storage.googleapis.com/icandesign_vi3/Models_sleeping-lying.bedroom.beds.ikea_001_001_2_13.jpg,King,,0,,,
42,https://storage.googleapis.com/icandesign_vi3/Models_sleeping-lying.bedroom.beds.ikea_001_001_2_14.jpg,King,,0,,,
43,https://storage.googleapis.com/icandesign_vi3/Models_sleeping-lying.bedroom.beds.gold_022_022_0_0.jpg,Queen,,0,,,
44,https://storage.googleapis.com/icandesign_vi3/Models_sleeping-lying.bedroom.beds.gold_022_022_0_1.jpg,Queen,,0,,,
45,https://storage.googleapis.com/icandesign_vi3/Models_sleeping-lying.bedroom.beds.gold_022_022_0_2.jpg,Queen,,0,,,
46,https://storage.googleapis.com/icandesign_vi3/Models_sleeping-lying.bedroom.beds.gold_022_022_0_3.jpg,Queen,,0,,,
47,https://storage.googleapis.com/icandesign_vi3/Models_sleeping-lying.bedroom.beds.gold_022_022_0_4.jpg,Queen,,0,,,
48,https://storage.googleapis.com/icandesign_vi3/Models_sleeping-lying.bedroom.beds.gold_022_022_0_5.jpg,Queen,,0,,,
49,https://storage.googleapis.com/icandesign_vi3/Models_sleeping-lying.bedroom.beds.gold_022_022_0_6.jpg,Queen,,0,,,
50,https://storage.googleapis.com/icandesign_vi3/Models_sleeping-lying.bedroom.beds.gold_022_022_0_7.jpg,Queen,,0,,,
51,https://storage.googleapis.com/icandesign_vi3/Models_sleeping-lying.bedroom.beds.gold_022_022_0_8.jpg,Queen,,0,,,
52,https://storage.googleapis.com/icandesign_vi3/Models_sleeping-lying.bedroom.beds.gold_022_022_0_10.jpg,Queen,,0,,,
53,https://storage.googleapis.com/icandesign_vi3/Models_sleeping-lying.bedroom.beds.gold_022_022_0_11.jpg,Queen,,0,,,
54,https://storage.googleapis.com/icandesign_vi3/Models_sleeping-lying.bedroom.beds.gold_022_022_0_12.jpg,Queen,,0,,,
55,https://storage.googleapis.com/icandesign_vi3/Models_sleeping-lying.bedroom.beds.gold_022_022_0_13.jpg,Queen,,0,,,
56,https://storage.googleapis.com/icandesign_vi3/Models_sleeping-lying.bedroom.beds.gold_022_022_0_14.jpg,Queen,,0,,,
57,https://storage.googleapis.com/icandesign_vi3/Models_sleeping-lying.bedroom.beds.gold_022_022_1_0.jpg,Queen,,0,,,
58,https://storage.googleapis.com/icandesign_vi3/Models_sleeping-lying.bedroom.beds.gold_022_022_1_1.jpg,Queen,,0,,,
59,https://storage.googleapis.com/icandesign_vi3/Models_sleeping-lying.bedroom.beds.gold_022_022_1_2.jpg,Queen,,0,,,
60,https://storage.googleapis.com/icandesign_vi3/Models_sleeping-lying.bedroom.beds.gold_022_022_1_3.jpg,Queen,,0,,,
61,https://storage.googleapis.com/icandesign_vi3/Models_sleeping-lying.bedroom.beds.gold_022_022_1_4.jpg,Queen,,0,,,
62,https://storage.googleapis.com/icandesign_vi3/Models_sleeping-lying.bedroom.beds.gold_022_022_1_5.jpg,Queen,,0,,,
63,https://storage.googleapis.com/icandesign_vi3/Models_sleeping-lying.bedroom.beds.gold_022_022_1_6.jpg,Queen,,0,,,
64,https://storage.googleapis.com/icandesign_vi3/Models_sleeping-lying.bedroom.beds.gold_022_022_1_7.jpg,Queen,,0,,,
65,https://storage.googleapis.com/icandesign_vi3/Models_sleeping-lying.bedroom.beds.gold_022_022_1_8.jpg,Queen,,0,,,
66,https://storage.googleapis.com/icandesign_vi3/Models_sleeping-lying.bedroom.beds.gold_022_022_1_10.jpg,Queen,,0,,,
67,https://storage.googleapis.com/icandesign_vi3/Models_sleeping-lying.bedroom.beds.gold_022_022_1_11.jpg,Queen,,0,,,
68,https://storage.googleapis.com/icandesign_vi3/Models_sleeping-lying.bedroom.beds.gold_022_022_1_12.jpg,Queen,,0,,,
69,https://storage.googleapis.com/icandesign_vi3/Models_sleeping-lying.bedroom.beds.gold_022_022_1_13.jpg,Queen,,0,,,
70,https://storage.googleapis.com/icandesign_vi3/Models_sleeping-lying.bedroom.beds.gold_022_022_1_14.jpg,Queen,,0,,,
71,https://storage.googleapis.com/icandesign_vi3/Models_sleeping-lying.bedroom.beds.gold_022_022_2_0.jpg,Queen,,0,,,
72,https://storage.googleapis.com/icandesign_vi3/Models_sleeping-lying.bedroom.beds.gold_022_022_2_1.jpg,Queen,,0,,,
73,https://storage.googleapis.com/icandesign_vi3/Models_sleeping-lying.bedroom.beds.gold_022_022_2_2.jpg,Queen,,0,,,
74,https://storage.googleapis.com/icandesign_vi3/Models_sleeping-lying.bedroom.beds.gold_022_022_2_3.jpg,Queen,,0,,,
75,https://storage.googleapis.com/icandesign_vi3/Models_sleeping-lying.bedroom.beds.gold_022_022_2_4.jpg,Queen,,0,,,
76,https://storage.googleapis.com/icandesign_vi3/Models_sleeping-lying.bedroom.beds.gold_022_022_2_5.jpg,Queen,,0,,,
77,https://storage.googleapis.com/icandesign_vi3/Models_sleeping-lying.bedroom.beds.gold_022_022_2_6.jpg,Queen,,0,,,
78,https://storage.googleapis.com/icandesign_vi3/Models_sleeping-lying.bedroom.beds.gold_022_022_2_7.jpg,Queen,,0,,,
79,https://storage.googleapis.com/icandesign_vi3/Models_sleeping-lying.bedroom.beds.gold_022_022_2_8.jpg,Queen,,0,,,
80,https://storage.googleapis.com/icandesign_vi3/Models_sleeping-lying.bedroom.beds.gold_022_022_2_10.jpg,Queen,,0,,,
81,https://storage.googleapis.com/icandesign_vi3/Models_sleeping-lying.bedroom.beds.gold_022_022_2_11.jpg,Queen,,0,,,
82,https://storage.googleapis.com/icandesign_vi3/Models_sleeping-lying.bedroom.beds.gold_022_022_2_12.jpg,Queen,,0,,,
83,https://storage.googleapis.com/icandesign_vi3/Models_sleeping-lying.bedroom.beds.gold_022_022_2_13.jpg,Queen,,0,,,
84,https://storage.googleapis.com/icandesign_vi3/Models_sleeping-lying.bedroom.beds.gold_022_022_2_14.jpg,Queen,,0,,,
85,https://storage.googleapis.com/icandesign_vi3/Models_sleeping-lying.bedroom.beds.gold_022_022_3_0.jpg,Queen,,0,,,
86,https://storage.googleapis.com/icandesign_vi3/Models_sleeping-lying.bedroom.beds.gold_022_022_3_1.jpg,Queen,,0,,,
87,https://storage.googleapis.com/icandesign_vi3/Models_sleeping-lying.bedroom.beds.gold_022_022_3_2.jpg,Queen,,0,,,
88,https://storage.googleapis.com/icandesign_vi3/Models_sleeping-lying.bedroom.beds.gold_022_022_3_3.jpg,Queen,,0,,,
89,https://storage.googleapis.com/icandesign_vi3/Models_sleeping-lying.bedroom.beds.gold_022_022_3_4.jpg,Queen,,0,,,
90,https://storage.googleapis.com/icandesign_vi3/Models_sleeping-lying.bedroom.beds.gold_022_022_3_5.jpg,Queen,,0,,,
91,https://storage.googleapis.com/icandesign_vi3/Models_sleeping-lying.bedroom.beds.gold_022_022_3_6.jpg,Queen,,0,,,
92,https://storage.googleapis.com/icandesign_vi3/Models_sleeping-lying.bedroom.beds.gold_022_022_3_7.jpg,Queen,,0,,,
93,https://storage.googleapis.com/icandesign_vi3/Models_sleeping-lying.bedroom.beds.gold_022_022_3_8.jpg,Queen,,0,,,
94,https://storage.googleapis.com/icandesign_vi3/Models_sleeping-lying.bedroom.beds.gold_022_022_3_10.jpg,Queen,,0,,,
95,https://storage.googleapis.com/icandesign_vi3/Models_sleeping-lying.bedroom.beds.gold_022_022_3_11.jpg,Queen,,0,,,
96,https://storage.googleapis.com/icandesign_vi3/Models_sleeping-lying.bedroom.beds.gold_022_022_3_12.jpg,Queen,,0,,,
97,https://storage.googleapis.com/icandesign_vi3/Models_sleeping-lying.bedroom.beds.gold_022_022_3_13.jpg,Queen,,0,,,
98,https://storage.googleapis.com/icandesign_vi3/Models_sleeping-lying.bedroom.beds.gold_022_022_3_14.jpg,Queen,,0,,,
99,https://storage.googleapis.com/icandesign_vi3/Models_sleeping-lying.bedroom.beds.gold_022_022_4_0.jpg,Queen,,0,,,
100,https://storage.googleapis.com/icandesign_vi3/Models_sleeping-lying.bedroom.beds.gold_022_022_4_1.jpg,Queen,,0,,,
101,https://storage.googleapis.com/icandesign_vi3/Models_sleeping-lying.bedroom.beds.gold_022_022_4_2.jpg,Queen,,0,,,
102,https://storage.googleapis.com/icandesign_vi3/Models_sleeping-lying.bedroom.beds.gold_022_022_4_3.jpg,Queen,,0,,,
103,https://storage.googleapis.com/icandesign_vi3/Models_sleeping-lying.bedroom.beds.gold_022_022_4_4.jpg,Queen,,0,,,
104,https://storage.googleapis.com/icandesign_vi3/Models_sleeping-lying.bedroom.beds.gold_022_022_4_5.jpg,Queen,,0,,,
105,https://storage.googleapis.com/icandesign_vi3/Models_sleeping-lying.bedroom.beds.gold_022_022_4_6.jpg,Queen,,0,,,
106,https://storage.googleapis.com/icandesign_vi3/Models_sleeping-lying.bedroom.beds.gold_022_022_4_7.jpg,Queen,,0,,,
107,https://storage.googleapis.com/icandesign_vi3/Models_sleeping-lying.bedroom.beds.gold_022_022_4_8.jpg,Queen,,0,,,
108,https://storage.googleapis.com/icandesign_vi3/Models_sleeping-lying.bedroom.beds.gold_022_022_4_10.jpg,Queen,,0,,,
109,https://storage.googleapis.com/icandesign_vi3/Models_sleeping-lying.bedroom.beds.gold_022_022_4_11.jpg,Queen,,0,,,
110,https://storage.googleapis.com/icandesign_vi3/Models_sleeping-lying.bedroom.beds.gold_022_022_4_12.jpg,Queen,,0,,,
111,https://storage.googleapis.com/icandesign_vi3/Models_sleeping-lying.bedroom.beds.gold_022_022_4_13.jpg,Queen,,0,,,
112,https://storage.googleapis.com/icandesign_vi3/Models_sleeping-lying.bedroom.beds.gold_022_022_4_14.jpg,Queen,,0,,,
113,https://storage.googleapis.com/icandesign_vi3/Models_sleeping-lying.bedroom.beds.gold_022_022_5_0.jpg,Queen,,0,,,
114,https://storage.googleapis.com/icandesign_vi3/Models_sleeping-lying.bedroom.beds.gold_022_022_5_1.jpg,Queen,,0,,,
115,https://storage.googleapis.com/icandesign_vi3/Models_sleeping-lying.bedroom.beds.gold_022_022_5_2.jpg,Queen,,0,,,
116,https://storage.googleapis.com/icandesign_vi3/Models_sleeping-lying.bedroom.beds.gold_022_022_5_3.jpg,Queen,,0,,,
117,https://storage.googleapis.com/icandesign_vi3/Models_sleeping-lying.bedroom.beds.gold_022_022_5_4.jpg,Queen,,0,,,
118,https://storage.googleapis.com/icandesign_vi3/Models_sleeping-lying.bedroom.beds.gold_022_022_5_5.jpg,Queen,,0,,,
119,https://storage.googleapis.com/icandesign_vi3/Models_sleeping-lying.bedroom.beds.gold_022_022_5_6.jpg,Queen,,0,,,
120,https://storage.googleapis.com/icandesign_vi3/Models_sleeping-lying.bedroom.beds.gold_022_022_5_7.jpg,Queen,,0,,,
121,https://storage.googleapis.com/icandesign_vi3/Models_sleeping-lying.bedroom.beds.gold_022_022_5_8.jpg,Queen,,0,,,
122,https://storage.googleapis.com/icandesign_vi3/Models_sleeping-lying.bedroom.beds.gold_022_022_5_10.jpg,Queen,,0,,,
123,https://storage.googleapis.com/icandesign_vi3/Models_sleeping-lying.bedroom.beds.gold_022_022_5_11.jpg,Queen,,0,,,
124,https://storage.googleapis.com/icandesign_vi3/Models_sleeping-lying.bedroom.beds.gold_022_022_5_12.jpg,Queen,,0,,,
125,https://storage.googleapis.com/icandesign_vi3/Models_sleeping-lying.bedroom.beds.gold_022_022_5_13.jpg,Queen,,0,,,
126,https://storage.googleapis.com/icandesign_vi3/Models_sleeping-lying.bedroom.beds.gold_022_022_5_14.jpg,Queen,,0,,,
127,https://storage.googleapis.com/icandesign_vi3/Models_sleeping-lying.bedroom.beds.gold_022_022_6_0.jpg,Queen,,0,,,
